{
    "name": "foundryvtt-tokeneffects",
    "title": "FoundryVTT Tokens Effects",
    "description": "Adds settings to control the display of status and overlay icons on tokens",
    "author": "sean8223, Fyorl, brunhine, eadorin, p4535992",
    "version": "1.0.0",
    "type": "module",
    "socket": true,
    "includes": [
      "./assets/**",
      "./lang/**",
      "./scripts/**",
      "./styles/**",
      "./templates/**",
      "./module.json",
      "./README.md",
      "./icons/**",
      "./packs/**"
    ],
    "media": [
      {
        "type": "icon",
        "location": ""
      },
      {
        "type": "cover",
        "location": ""
      },
      {
        "type": "screenshot",
        "location": ""
      }
    ],
    "languages": [
      {
        "lang": "en",
        "name": "English",
        "path": "lang/en.json"
      }, {
        "lang": "pt-BR",
        "name": "Português (Brasil)",
        "path": "lang/pt-BR.json"
      }, {
        "lang": "de",
        "name": "Deutsch",
        "path": "lang/de.json"
      }
    ],
    "scripts": [
      "./module/libs/shim.js"
    ],
    "esmodules": [
      "foundryvtt-tokeneffects.js"
    ],
    "styles": [
      "styles/aura.css"
    ],
    "url": "https://github.com/p4535992/coloredeffects",
    "manifest": "https://raw.githubusercontent.com/p4535992/coloredeffects/master/src/module.json",
    "download": "https://raw.githubusercontent.com/coloredeffects/master/package/foundryvtt-tokeneffects-v1.0.0.zip",
    "minimumCoreVersion": "0.7.6",
    "compatibleCoreVersion": "0.7.9",
    "changelog": "https://raw.githubusercontent.com/p4535992/coloredeffects/master/changelog.md"
}
